.model,date,.rep,patients,Specialty
combination,2023-09-01,1,2238.6902715930414,Cardiology
combination,2023-10-01,1,2343.190223084363,Cardiology
combination,2023-11-01,1,2416.1902053033564,Cardiology
combination,2023-12-01,1,2413.8484186759715,Cardiology
combination,2024-01-01,1,2510.1495571945957,Cardiology
combination,2024-02-01,1,2469.7213336658774,Cardiology
combination,2024-03-01,1,2522.172027384877,Cardiology
combination,2024-04-01,1,2525.0378077120804,Cardiology
combination,2024-05-01,1,2641.017176280439,Cardiology
combination,2024-06-01,1,2623.4086390247057,Cardiology
combination,2024-07-01,1,2649.3164715921257,Cardiology
combination,2024-08-01,1,2663.3257527857977,Cardiology
combination,2023-09-01,10,2273.6818666546897,Cardiology
combination,2023-10-01,10,2406.53000155804,Cardiology
combination,2023-11-01,10,2443.3115457331132,Cardiology
combination,2023-12-01,10,2415.0609268086746,Cardiology
combination,2024-01-01,10,2480.652782540727,Cardiology
combination,2024-02-01,10,2567.567932241308,Cardiology
combination,2024-03-01,10,2633.368969814997,Cardiology
combination,2024-04-01,10,2663.2627766124333,Cardiology
combination,2024-05-01,10,2643.750434830933,Cardiology
combination,2024-06-01,10,2741.732966474815,Cardiology
combination,2024-07-01,10,2709.614164866809,Cardiology
combination,2024-08-01,10,2736.8041536715546,Cardiology
combination,2023-09-01,11,2213.2436221763155,Cardiology
combination,2023-10-01,11,2320.9388154665276,Cardiology
combination,2023-11-01,11,2382.6254594622524,Cardiology
combination,2023-12-01,11,2444.198348130647,Cardiology
combination,2024-01-01,11,2482.26974527757,Cardiology
combination,2024-02-01,11,2567.6809999741336,Cardiology
combination,2024-03-01,11,2509.1936338222145,Cardiology
combination,2024-04-01,11,2615.0891219795185,Cardiology
combination,2024-05-01,11,2647.6373800283773,Cardiology
combination,2024-06-01,11,2725.2436075206087,Cardiology
combination,2024-07-01,11,2745.1204510579137,Cardiology
combination,2024-08-01,11,2718.7802338061642,Cardiology
combination,2023-09-01,12,2261.413678694552,Cardiology
combination,2023-10-01,12,2383.007286064241,Cardiology
combination,2023-11-01,12,2444.2649382184695,Cardiology
combination,2023-12-01,12,2410.0551609500535,Cardiology
combination,2024-01-01,12,2464.8449412711934,Cardiology
combination,2024-02-01,12,2493.559357764926,Cardiology
combination,2024-03-01,12,2494.6088895593857,Cardiology
combination,2024-04-01,12,2542.5957973253103,Cardiology
combination,2024-05-01,12,2544.752052261324,Cardiology
combination,2024-06-01,12,2607.9643650099338,Cardiology
combination,2024-07-01,12,2684.112081960164,Cardiology
combination,2024-08-01,12,2684.2799547961404,Cardiology
combination,2023-09-01,13,2274.671207440762,Cardiology
combination,2023-10-01,13,2366.3310623864045,Cardiology
combination,2023-11-01,13,2479.455311071273,Cardiology
combination,2023-12-01,13,2501.85859022392,Cardiology
combination,2024-01-01,13,2478.5854112798957,Cardiology
combination,2024-02-01,13,2622.624910269919,Cardiology
combination,2024-03-01,13,2607.1722511431626,Cardiology
combination,2024-04-01,13,2666.9801295711777,Cardiology
combination,2024-05-01,13,2654.8569850129797,Cardiology
combination,2024-06-01,13,2739.994686737381,Cardiology
combination,2024-07-01,13,2773.9601774608823,Cardiology
combination,2024-08-01,13,2829.955989540249,Cardiology
combination,2023-09-01,14,2229.6123212133143,Cardiology
combination,2023-10-01,14,2365.005314597607,Cardiology
combination,2023-11-01,14,2371.0976490599337,Cardiology
combination,2023-12-01,14,2452.7963503292863,Cardiology
combination,2024-01-01,14,2425.4105216354137,Cardiology
combination,2024-02-01,14,2529.5591619217457,Cardiology
combination,2024-03-01,14,2545.5424712704908,Cardiology
combination,2024-04-01,14,2667.9838671196944,Cardiology
combination,2024-05-01,14,2642.751369419745,Cardiology
combination,2024-06-01,14,2690.167109135186,Cardiology
combination,2024-07-01,14,2778.8931100021664,Cardiology
combination,2024-08-01,14,2826.977822359603,Cardiology
combination,2023-09-01,15,2228.8306437441925,Cardiology
combination,2023-10-01,15,2313.2495344186746,Cardiology
combination,2023-11-01,15,2441.9188061055547,Cardiology
combination,2023-12-01,15,2423.1065760124234,Cardiology
combination,2024-01-01,15,2541.636316729874,Cardiology
combination,2024-02-01,15,2487.8112762984956,Cardiology
combination,2024-03-01,15,2568.2515218923245,Cardiology
combination,2024-04-01,15,2641.968862473691,Cardiology
combination,2024-05-01,15,2702.653392573573,Cardiology
combination,2024-06-01,15,2730.9650293224418,Cardiology
combination,2024-07-01,15,2780.1292897432345,Cardiology
combination,2024-08-01,15,2792.2426913128347,Cardiology
combination,2023-09-01,16,2306.3536604836954,Cardiology
combination,2023-10-01,16,2403.9210687427126,Cardiology
combination,2023-11-01,16,2482.1058772386496,Cardiology
combination,2023-12-01,16,2489.8350994946554,Cardiology
combination,2024-01-01,16,2532.306362920123,Cardiology
combination,2024-02-01,16,2617.3703888248065,Cardiology
combination,2024-03-01,16,2596.9790344761686,Cardiology
combination,2024-04-01,16,2668.8884543692707,Cardiology
combination,2024-05-01,16,2761.811677435735,Cardiology
combination,2024-06-01,16,2761.7919078335854,Cardiology
combination,2024-07-01,16,2823.6089092703915,Cardiology
combination,2024-08-01,16,2752.920750894386,Cardiology
combination,2023-09-01,17,2297.2191044077254,Cardiology
combination,2023-10-01,17,2341.674560217416,Cardiology
combination,2023-11-01,17,2451.676655811438,Cardiology
combination,2023-12-01,17,2404.339775205577,Cardiology
combination,2024-01-01,17,2497.3694707237764,Cardiology
combination,2024-02-01,17,2491.247049272223,Cardiology
combination,2024-03-01,17,2552.0904950627337,Cardiology
combination,2024-04-01,17,2656.8980759008887,Cardiology
combination,2024-05-01,17,2667.2799763777034,Cardiology
combination,2024-06-01,17,2689.1457354631975,Cardiology
combination,2024-07-01,17,2763.0184167514317,Cardiology
combination,2024-08-01,17,2703.2775877809036,Cardiology
combination,2023-09-01,18,2216.8081086088823,Cardiology
combination,2023-10-01,18,2360.2085792071266,Cardiology
combination,2023-11-01,18,2425.407386708721,Cardiology
combination,2023-12-01,18,2450.9715428734253,Cardiology
combination,2024-01-01,18,2503.9107891741646,Cardiology
combination,2024-02-01,18,2543.3459143448,Cardiology
combination,2024-03-01,18,2529.594626672473,Cardiology
combination,2024-04-01,18,2596.0429737187783,Cardiology
combination,2024-05-01,18,2676.1437871853013,Cardiology
combination,2024-06-01,18,2713.5835839387983,Cardiology
combination,2024-07-01,18,2749.8613054582706,Cardiology
combination,2024-08-01,18,2700.8996660502116,Cardiology
combination,2023-09-01,19,2262.903211207789,Cardiology
combination,2023-10-01,19,2389.8492250868726,Cardiology
combination,2023-11-01,19,2455.6041231170057,Cardiology
combination,2023-12-01,19,2407.9923286642866,Cardiology
combination,2024-01-01,19,2486.6413430279345,Cardiology
combination,2024-02-01,19,2499.165796895948,Cardiology
combination,2024-03-01,19,2472.1545884820057,Cardiology
combination,2024-04-01,19,2558.829900629048,Cardiology
combination,2024-05-01,19,2613.338385674572,Cardiology
combination,2024-06-01,19,2566.409817641592,Cardiology
combination,2024-07-01,19,2679.2247986909983,Cardiology
combination,2024-08-01,19,2749.4460518533597,Cardiology
combination,2023-09-01,2,2241.5826379405103,Cardiology
combination,2023-10-01,2,2340.5575440715743,Cardiology
combination,2023-11-01,2,2373.8213543128227,Cardiology
combination,2023-12-01,2,2413.414504998699,Cardiology
combination,2024-01-01,2,2490.9011046174815,Cardiology
combination,2024-02-01,2,2499.4108427666547,Cardiology
combination,2024-03-01,2,2559.663575114025,Cardiology
combination,2024-04-01,2,2643.866716708633,Cardiology
combination,2024-05-01,2,2678.9494164026487,Cardiology
combination,2024-06-01,2,2772.8209999517812,Cardiology
combination,2024-07-01,2,2734.627830855649,Cardiology
combination,2024-08-01,2,2759.3213595871844,Cardiology
combination,2023-09-01,20,2276.845384698753,Cardiology
combination,2023-10-01,20,2396.2174565271507,Cardiology
combination,2023-11-01,20,2451.2933549344243,Cardiology
combination,2023-12-01,20,2459.3140369955827,Cardiology
combination,2024-01-01,20,2513.872904722158,Cardiology
combination,2024-02-01,20,2505.7447707146575,Cardiology
combination,2024-03-01,20,2537.158356703266,Cardiology
combination,2024-04-01,20,2622.358925530096,Cardiology
combination,2024-05-01,20,2644.9835838418835,Cardiology
combination,2024-06-01,20,2626.843699865589,Cardiology
combination,2024-07-01,20,2736.2209440327247,Cardiology
combination,2024-08-01,20,2713.4444532026555,Cardiology
combination,2023-09-01,21,2267.2407334787777,Cardiology
combination,2023-10-01,21,2372.2827846392124,Cardiology
combination,2023-11-01,21,2387.5079283507976,Cardiology
combination,2023-12-01,21,2390.8305084912167,Cardiology
combination,2024-01-01,21,2514.4024198571615,Cardiology
combination,2024-02-01,21,2515.3233656953707,Cardiology
combination,2024-03-01,21,2553.4128781622376,Cardiology
combination,2024-04-01,21,2592.0884665523868,Cardiology
combination,2024-05-01,21,2616.7370504320425,Cardiology
combination,2024-06-01,21,2617.2428591125176,Cardiology
combination,2024-07-01,21,2708.2300361352623,Cardiology
combination,2024-08-01,21,2740.5845836791245,Cardiology
combination,2023-09-01,22,2226.1432181627033,Cardiology
combination,2023-10-01,22,2364.927070034035,Cardiology
combination,2023-11-01,22,2427.525100070643,Cardiology
combination,2023-12-01,22,2402.250022197559,Cardiology
combination,2024-01-01,22,2531.869772195196,Cardiology
combination,2024-02-01,22,2493.625986043187,Cardiology
combination,2024-03-01,22,2546.2899458835504,Cardiology
combination,2024-04-01,22,2614.2841607046985,Cardiology
combination,2024-05-01,22,2696.0260644035343,Cardiology
combination,2024-06-01,22,2720.7751929302326,Cardiology
combination,2024-07-01,22,2770.3047832346683,Cardiology
combination,2024-08-01,22,2775.841431933189,Cardiology
combination,2023-09-01,23,2203.6301473258545,Cardiology
combination,2023-10-01,23,2331.9324199675675,Cardiology
combination,2023-11-01,23,2319.2002163707475,Cardiology
combination,2023-12-01,23,2330.170022629615,Cardiology
combination,2024-01-01,23,2428.808765477789,Cardiology
combination,2024-02-01,23,2459.013751681275,Cardiology
combination,2024-03-01,23,2492.8610254043047,Cardiology
combination,2024-04-01,23,2562.2799455113095,Cardiology
combination,2024-05-01,23,2566.393358238087,Cardiology
combination,2024-06-01,23,2609.548484938902,Cardiology
combination,2024-07-01,23,2668.764175813786,Cardiology
combination,2024-08-01,23,2639.3191877836457,Cardiology
combination,2023-09-01,24,2197.3531774581797,Cardiology
combination,2023-10-01,24,2321.947552984693,Cardiology
combination,2023-11-01,24,2450.1625548462857,Cardiology
combination,2023-12-01,24,2419.0989730954216,Cardiology
combination,2024-01-01,24,2500.9140758148665,Cardiology
combination,2024-02-01,24,2507.239400459512,Cardiology
combination,2024-03-01,24,2508.5659224404462,Cardiology
combination,2024-04-01,24,2580.4766795133437,Cardiology
combination,2024-05-01,24,2599.852665168002,Cardiology
combination,2024-06-01,24,2611.978267877166,Cardiology
combination,2024-07-01,24,2664.2276257788185,Cardiology
combination,2024-08-01,24,2668.4920272249597,Cardiology
combination,2023-09-01,25,2214.732664023987,Cardiology
combination,2023-10-01,25,2363.9101977636174,Cardiology
combination,2023-11-01,25,2456.218982989464,Cardiology
combination,2023-12-01,25,2409.101411969842,Cardiology
combination,2024-01-01,25,2437.827364500756,Cardiology
combination,2024-02-01,25,2410.9163943942053,Cardiology
combination,2024-03-01,25,2447.023683532562,Cardiology
combination,2024-04-01,25,2457.9008989343797,Cardiology
combination,2024-05-01,25,2463.8094584170285,Cardiology
combination,2024-06-01,25,2562.508129031428,Cardiology
combination,2024-07-01,25,2651.3377279204506,Cardiology
combination,2024-08-01,25,2640.363202848382,Cardiology
combination,2023-09-01,26,2204.250756355573,Cardiology
combination,2023-10-01,26,2370.3741504663626,Cardiology
combination,2023-11-01,26,2465.0115115905555,Cardiology
combination,2023-12-01,26,2456.2425323445987,Cardiology
combination,2024-01-01,26,2558.2697060056626,Cardiology
combination,2024-02-01,26,2545.443496980098,Cardiology
combination,2024-03-01,26,2569.4812863164957,Cardiology
combination,2024-04-01,26,2651.897861598517,Cardiology
combination,2024-05-01,26,2654.4233970173245,Cardiology
combination,2024-06-01,26,2679.8469482788682,Cardiology
combination,2024-07-01,26,2705.810751228423,Cardiology
combination,2024-08-01,26,2743.6038847409272,Cardiology
combination,2023-09-01,27,2278.8197712395972,Cardiology
combination,2023-10-01,27,2391.1915379931556,Cardiology
combination,2023-11-01,27,2390.3561721464926,Cardiology
combination,2023-12-01,27,2442.3647591461345,Cardiology
combination,2024-01-01,27,2494.83814763768,Cardiology
combination,2024-02-01,27,2497.965487690318,Cardiology
combination,2024-03-01,27,2525.5299085501933,Cardiology
combination,2024-04-01,27,2590.7861311652514,Cardiology
combination,2024-05-01,27,2677.128816816223,Cardiology
combination,2024-06-01,27,2630.4033444044076,Cardiology
combination,2024-07-01,27,2744.940216877431,Cardiology
combination,2024-08-01,27,2691.3427323762144,Cardiology
combination,2023-09-01,28,2231.5306835286233,Cardiology
combination,2023-10-01,28,2340.220710220564,Cardiology
combination,2023-11-01,28,2396.1135397328344,Cardiology
combination,2023-12-01,28,2407.1329643066233,Cardiology
combination,2024-01-01,28,2489.2800490136715,Cardiology
combination,2024-02-01,28,2534.609982352564,Cardiology
combination,2024-03-01,28,2545.5769788603466,Cardiology
combination,2024-04-01,28,2600.1797844511766,Cardiology
combination,2024-05-01,28,2642.504166409566,Cardiology
combination,2024-06-01,28,2685.4746196256947,Cardiology
combination,2024-07-01,28,2696.297779311213,Cardiology
combination,2024-08-01,28,2753.665425938051,Cardiology
combination,2023-09-01,29,2331.576578610775,Cardiology
combination,2023-10-01,29,2463.7314877136682,Cardiology
combination,2023-11-01,29,2557.9528671575868,Cardiology
combination,2023-12-01,29,2548.562591467192,Cardiology
combination,2024-01-01,29,2591.2236083524176,Cardiology
combination,2024-02-01,29,2611.517633594447,Cardiology
combination,2024-03-01,29,2663.4135952733373,Cardiology
combination,2024-04-01,29,2706.0174723974324,Cardiology
combination,2024-05-01,29,2676.3353627935453,Cardiology
combination,2024-06-01,29,2765.402389972823,Cardiology
combination,2024-07-01,29,2865.8536856364763,Cardiology
combination,2024-08-01,29,2893.2542511978827,Cardiology
combination,2023-09-01,3,2297.024291236855,Cardiology
combination,2023-10-01,3,2389.473262961319,Cardiology
combination,2023-11-01,3,2469.6044564977396,Cardiology
combination,2023-12-01,3,2472.4569671004683,Cardiology
combination,2024-01-01,3,2508.846113454425,Cardiology
combination,2024-02-01,3,2518.703732497909,Cardiology
combination,2024-03-01,3,2534.076373500859,Cardiology
combination,2024-04-01,3,2617.546961458577,Cardiology
combination,2024-05-01,3,2631.7780177058116,Cardiology
combination,2024-06-01,3,2689.1688716244103,Cardiology
combination,2024-07-01,3,2756.1973903106386,Cardiology
combination,2024-08-01,3,2753.249104090085,Cardiology
combination,2023-09-01,30,2233.0218050486355,Cardiology
combination,2023-10-01,30,2414.4734180271876,Cardiology
combination,2023-11-01,30,2475.05128915495,Cardiology
combination,2023-12-01,30,2493.4776558427875,Cardiology
combination,2024-01-01,30,2526.14883837468,Cardiology
combination,2024-02-01,30,2541.3387275530404,Cardiology
combination,2024-03-01,30,2547.1818196347076,Cardiology
combination,2024-04-01,30,2671.821586864533,Cardiology
combination,2024-05-01,30,2674.322796717394,Cardiology
combination,2024-06-01,30,2681.498757312415,Cardiology
combination,2024-07-01,30,2719.71796869243,Cardiology
combination,2024-08-01,30,2728.1698792124853,Cardiology
combination,2023-09-01,31,2297.5846303838184,Cardiology
combination,2023-10-01,31,2395.5343923387068,Cardiology
combination,2023-11-01,31,2449.3510303036537,Cardiology
combination,2023-12-01,31,2476.2306194700377,Cardiology
combination,2024-01-01,31,2492.642396970904,Cardiology
combination,2024-02-01,31,2527.9841286234378,Cardiology
combination,2024-03-01,31,2569.9684331351195,Cardiology
combination,2024-04-01,31,2636.1677223392953,Cardiology
combination,2024-05-01,31,2648.0519078092866,Cardiology
combination,2024-06-01,31,2661.3594624092552,Cardiology
combination,2024-07-01,31,2825.87966076379,Cardiology
combination,2024-08-01,31,2696.2797398279745,Cardiology
combination,2023-09-01,32,2262.3616708424092,Cardiology
combination,2023-10-01,32,2382.117395971168,Cardiology
combination,2023-11-01,32,2454.4990986747616,Cardiology
combination,2023-12-01,32,2490.7402111451247,Cardiology
combination,2024-01-01,32,2533.747571516733,Cardiology
combination,2024-02-01,32,2491.0988207436185,Cardiology
combination,2024-03-01,32,2554.367055208642,Cardiology
combination,2024-04-01,32,2576.950788424684,Cardiology
combination,2024-05-01,32,2573.171124560067,Cardiology
combination,2024-06-01,32,2588.5811092194763,Cardiology
combination,2024-07-01,32,2634.135228039141,Cardiology
combination,2024-08-01,32,2667.0439753162427,Cardiology
combination,2023-09-01,33,2290.037126412197,Cardiology
combination,2023-10-01,33,2361.668245086679,Cardiology
combination,2023-11-01,33,2435.164211101098,Cardiology
combination,2023-12-01,33,2397.2069654571333,Cardiology
combination,2024-01-01,33,2485.522007774676,Cardiology
combination,2024-02-01,33,2500.5796982329607,Cardiology
combination,2024-03-01,33,2549.9449594468624,Cardiology
combination,2024-04-01,33,2594.585913920602,Cardiology
combination,2024-05-01,33,2620.9416473342303,Cardiology
combination,2024-06-01,33,2651.6064041905497,Cardiology
combination,2024-07-01,33,2727.7962459448254,Cardiology
combination,2024-08-01,33,2743.7492691231646,Cardiology
combination,2023-09-01,34,2290.9362841086804,Cardiology
combination,2023-10-01,34,2367.6049982403265,Cardiology
combination,2023-11-01,34,2418.470794090912,Cardiology
combination,2023-12-01,34,2411.1350509483973,Cardiology
combination,2024-01-01,34,2472.828840123615,Cardiology
combination,2024-02-01,34,2555.5430261288266,Cardiology
combination,2024-03-01,34,2540.3734505129714,Cardiology
combination,2024-04-01,34,2569.2793310640704,Cardiology
combination,2024-05-01,34,2625.275823571501,Cardiology
combination,2024-06-01,34,2640.9197754037746,Cardiology
combination,2024-07-01,34,2750.3963137917517,Cardiology
combination,2024-08-01,34,2669.084857959894,Cardiology
combination,2023-09-01,35,2294.538591471608,Cardiology
combination,2023-10-01,35,2433.8574872746703,Cardiology
combination,2023-11-01,35,2519.470355850521,Cardiology
combination,2023-12-01,35,2527.1661577137465,Cardiology
combination,2024-01-01,35,2565.9929664871825,Cardiology
combination,2024-02-01,35,2515.9503566302847,Cardiology
combination,2024-03-01,35,2616.4899493253397,Cardiology
combination,2024-04-01,35,2693.9297306831118,Cardiology
combination,2024-05-01,35,2641.0745029894497,Cardiology
combination,2024-06-01,35,2791.448813574475,Cardiology
combination,2024-07-01,35,2853.667178356036,Cardiology
combination,2024-08-01,35,2916.980697002101,Cardiology
combination,2023-09-01,36,2280.406440092259,Cardiology
combination,2023-10-01,36,2327.175228331091,Cardiology
combination,2023-11-01,36,2413.222897699033,Cardiology
combination,2023-12-01,36,2398.743496823408,Cardiology
combination,2024-01-01,36,2478.7825875524895,Cardiology
combination,2024-02-01,36,2483.001177856931,Cardiology
combination,2024-03-01,36,2538.601608661026,Cardiology
combination,2024-04-01,36,2681.532396432118,Cardiology
combination,2024-05-01,36,2641.0698390295574,Cardiology
combination,2024-06-01,36,2646.8407869868033,Cardiology
combination,2024-07-01,36,2708.3000458605547,Cardiology
combination,2024-08-01,36,2680.2322823169175,Cardiology
combination,2023-09-01,37,2211.8249242526726,Cardiology
combination,2023-10-01,37,2290.125594357535,Cardiology
combination,2023-11-01,37,2363.3409905332146,Cardiology
combination,2023-12-01,37,2375.4585323906863,Cardiology
combination,2024-01-01,37,2386.949015627717,Cardiology
combination,2024-02-01,37,2456.5950004313286,Cardiology
combination,2024-03-01,37,2457.3997383596607,Cardiology
combination,2024-04-01,37,2555.4453064144695,Cardiology
combination,2024-05-01,37,2586.31355695849,Cardiology
combination,2024-06-01,37,2607.3501685050487,Cardiology
combination,2024-07-01,37,2700.286152053922,Cardiology
combination,2024-08-01,37,2661.8784433600504,Cardiology
combination,2023-09-01,38,2252.372590261926,Cardiology
combination,2023-10-01,38,2334.9167415930247,Cardiology
combination,2023-11-01,38,2383.129755921363,Cardiology
combination,2023-12-01,38,2386.80409323369,Cardiology
combination,2024-01-01,38,2470.865351596592,Cardiology
combination,2024-02-01,38,2499.762959775677,Cardiology
combination,2024-03-01,38,2515.4012431720644,Cardiology
combination,2024-04-01,38,2592.6850121543316,Cardiology
combination,2024-05-01,38,2583.1648433770965,Cardiology
combination,2024-06-01,38,2660.317129627342,Cardiology
combination,2024-07-01,38,2702.448888104122,Cardiology
combination,2024-08-01,38,2712.199452300877,Cardiology
combination,2023-09-01,39,2255.8571782758922,Cardiology
combination,2023-10-01,39,2395.8271852512594,Cardiology
combination,2023-11-01,39,2475.496940399321,Cardiology
combination,2023-12-01,39,2419.3435812398875,Cardiology
combination,2024-01-01,39,2519.7767891117965,Cardiology
combination,2024-02-01,39,2557.2898444914044,Cardiology
combination,2024-03-01,39,2580.484029673012,Cardiology
combination,2024-04-01,39,2561.896936921641,Cardiology
combination,2024-05-01,39,2639.3872120719952,Cardiology
combination,2024-06-01,39,2658.9175292868595,Cardiology
combination,2024-07-01,39,2779.2800778185438,Cardiology
combination,2024-08-01,39,2732.6868072746365,Cardiology
combination,2023-09-01,4,2269.514008291902,Cardiology
combination,2023-10-01,4,2362.579677121677,Cardiology
combination,2023-11-01,4,2425.4888862009957,Cardiology
combination,2023-12-01,4,2449.814188794461,Cardiology
combination,2024-01-01,4,2518.674380526538,Cardiology
combination,2024-02-01,4,2546.952754248898,Cardiology
combination,2024-03-01,4,2587.0424972083615,Cardiology
combination,2024-04-01,4,2694.2114685327338,Cardiology
combination,2024-05-01,4,2684.150003875789,Cardiology
combination,2024-06-01,4,2674.533568426701,Cardiology
combination,2024-07-01,4,2746.8880850158685,Cardiology
combination,2024-08-01,4,2763.607300266686,Cardiology
combination,2023-09-01,40,2235.5376933889684,Cardiology
combination,2023-10-01,40,2324.3238952084303,Cardiology
combination,2023-11-01,40,2405.7252058622125,Cardiology
combination,2023-12-01,40,2404.944157760741,Cardiology
combination,2024-01-01,40,2478.8949209339207,Cardiology
combination,2024-02-01,40,2477.713522011708,Cardiology
combination,2024-03-01,40,2555.8816354091414,Cardiology
combination,2024-04-01,40,2614.797173484118,Cardiology
combination,2024-05-01,40,2583.5991943238323,Cardiology
combination,2024-06-01,40,2687.977784964445,Cardiology
combination,2024-07-01,40,2723.879780447346,Cardiology
combination,2024-08-01,40,2725.907347125695,Cardiology
combination,2023-09-01,41,2148.082783929422,Cardiology
combination,2023-10-01,41,2328.8191493592635,Cardiology
combination,2023-11-01,41,2290.654313618587,Cardiology
combination,2023-12-01,41,2315.5060960918577,Cardiology
combination,2024-01-01,41,2364.0941707294332,Cardiology
combination,2024-02-01,41,2414.1498172925544,Cardiology
combination,2024-03-01,41,2462.513911389524,Cardiology
combination,2024-04-01,41,2430.578201907766,Cardiology
combination,2024-05-01,41,2461.071138547586,Cardiology
combination,2024-06-01,41,2480.412552415367,Cardiology
combination,2024-07-01,41,2610.295708055435,Cardiology
combination,2024-08-01,41,2618.2896311612003,Cardiology
combination,2023-09-01,42,2266.1720953564836,Cardiology
combination,2023-10-01,42,2321.585910099673,Cardiology
combination,2023-11-01,42,2469.928526780948,Cardiology
combination,2023-12-01,42,2504.833074373091,Cardiology
combination,2024-01-01,42,2501.765772583988,Cardiology
combination,2024-02-01,42,2517.2199688942887,Cardiology
combination,2024-03-01,42,2530.803456663607,Cardiology
combination,2024-04-01,42,2669.481987135926,Cardiology
combination,2024-05-01,42,2689.712392420295,Cardiology
combination,2024-06-01,42,2731.2378422760166,Cardiology
combination,2024-07-01,42,2759.4384950182207,Cardiology
combination,2024-08-01,42,2783.5970932078317,Cardiology
combination,2023-09-01,43,2280.156924826664,Cardiology
combination,2023-10-01,43,2393.8106052963767,Cardiology
combination,2023-11-01,43,2443.9110961290758,Cardiology
combination,2023-12-01,43,2481.695977387805,Cardiology
combination,2024-01-01,43,2529.3968497084015,Cardiology
combination,2024-02-01,43,2519.0704647415955,Cardiology
combination,2024-03-01,43,2559.0966098874296,Cardiology
combination,2024-04-01,43,2662.6683564530204,Cardiology
combination,2024-05-01,43,2675.5651897396374,Cardiology
combination,2024-06-01,43,2712.461451298,Cardiology
combination,2024-07-01,43,2783.089988820494,Cardiology
combination,2024-08-01,43,2729.840057171713,Cardiology
combination,2023-09-01,44,2285.7253063464277,Cardiology
combination,2023-10-01,44,2397.39526158588,Cardiology
combination,2023-11-01,44,2424.0698584724314,Cardiology
combination,2023-12-01,44,2432.783694074542,Cardiology
combination,2024-01-01,44,2449.1917749473737,Cardiology
combination,2024-02-01,44,2458.7760189839537,Cardiology
combination,2024-03-01,44,2575.6354752404736,Cardiology
combination,2024-04-01,44,2611.5707286624893,Cardiology
combination,2024-05-01,44,2593.6017076929684,Cardiology
combination,2024-06-01,44,2688.294878662031,Cardiology
combination,2024-07-01,44,2766.4074020126013,Cardiology
combination,2024-08-01,44,2728.6507780846023,Cardiology
combination,2023-09-01,45,2215.4203889205687,Cardiology
combination,2023-10-01,45,2342.642761095942,Cardiology
combination,2023-11-01,45,2383.4583701364018,Cardiology
combination,2023-12-01,45,2515.1717823261333,Cardiology
combination,2024-01-01,45,2554.6867895883875,Cardiology
combination,2024-02-01,45,2582.089773130741,Cardiology
combination,2024-03-01,45,2641.6958960112765,Cardiology
combination,2024-04-01,45,2616.981013734521,Cardiology
combination,2024-05-01,45,2648.597520064936,Cardiology
combination,2024-06-01,45,2686.468597485508,Cardiology
combination,2024-07-01,45,2782.386698168134,Cardiology
combination,2024-08-01,45,2775.1503549959775,Cardiology
combination,2023-09-01,46,2255.0625183291827,Cardiology
combination,2023-10-01,46,2379.5172250484234,Cardiology
combination,2023-11-01,46,2437.5640630883277,Cardiology
combination,2023-12-01,46,2478.9775904780327,Cardiology
combination,2024-01-01,46,2486.6154080052456,Cardiology
combination,2024-02-01,46,2591.702821203862,Cardiology
combination,2024-03-01,46,2567.197829343508,Cardiology
combination,2024-04-01,46,2577.3035975706257,Cardiology
combination,2024-05-01,46,2550.998550418847,Cardiology
combination,2024-06-01,46,2648.4446335158254,Cardiology
combination,2024-07-01,46,2683.4915772138215,Cardiology
combination,2024-08-01,46,2679.7988206581995,Cardiology
combination,2023-09-01,47,2247.0787920445564,Cardiology
combination,2023-10-01,47,2378.707983786832,Cardiology
combination,2023-11-01,47,2409.809376557047,Cardiology
combination,2023-12-01,47,2420.8562916550463,Cardiology
combination,2024-01-01,47,2429.756461748766,Cardiology
combination,2024-02-01,47,2457.2023919777116,Cardiology
combination,2024-03-01,47,2536.7534997472335,Cardiology
combination,2024-04-01,47,2572.95269494558,Cardiology
combination,2024-05-01,47,2560.3157182556834,Cardiology
combination,2024-06-01,47,2614.3505536176403,Cardiology
combination,2024-07-01,47,2726.244571541826,Cardiology
combination,2024-08-01,47,2738.8845298089946,Cardiology
combination,2023-09-01,48,2238.788275118347,Cardiology
combination,2023-10-01,48,2361.874228365373,Cardiology
combination,2023-11-01,48,2391.27874392362,Cardiology
combination,2023-12-01,48,2420.5081520196773,Cardiology
combination,2024-01-01,48,2452.397357730186,Cardiology
combination,2024-02-01,48,2476.520427596416,Cardiology
combination,2024-03-01,48,2510.06104993742,Cardiology
combination,2024-04-01,48,2576.550873343693,Cardiology
combination,2024-05-01,48,2612.0174532662923,Cardiology
combination,2024-06-01,48,2673.069985702902,Cardiology
combination,2024-07-01,48,2669.1609437105317,Cardiology
combination,2024-08-01,48,2744.745603013206,Cardiology
combination,2023-09-01,49,2219.5282815058704,Cardiology
combination,2023-10-01,49,2401.87205434129,Cardiology
combination,2023-11-01,49,2459.8750461732116,Cardiology
combination,2023-12-01,49,2529.9724867863442,Cardiology
combination,2024-01-01,49,2569.3705544603763,Cardiology
combination,2024-02-01,49,2557.216124438238,Cardiology
combination,2024-03-01,49,2584.665629814708,Cardiology
combination,2024-04-01,49,2672.410420666411,Cardiology
combination,2024-05-01,49,2691.219472941303,Cardiology
combination,2024-06-01,49,2679.390746161972,Cardiology
combination,2024-07-01,49,2755.968510766848,Cardiology
combination,2024-08-01,49,2798.1871598562193,Cardiology
combination,2023-09-01,5,2245.5739835193885,Cardiology
combination,2023-10-01,5,2310.621186698156,Cardiology
combination,2023-11-01,5,2355.2310788366485,Cardiology
combination,2023-12-01,5,2380.687153246971,Cardiology
combination,2024-01-01,5,2415.9461370328986,Cardiology
combination,2024-02-01,5,2498.294799412396,Cardiology
combination,2024-03-01,5,2491.6181782974436,Cardiology
combination,2024-04-01,5,2581.3494550652395,Cardiology
combination,2024-05-01,5,2547.4818009257533,Cardiology
combination,2024-06-01,5,2647.6170153648754,Cardiology
combination,2024-07-01,5,2704.7919337794447,Cardiology
combination,2024-08-01,5,2677.535201815237,Cardiology
combination,2023-09-01,50,2228.4494672070614,Cardiology
combination,2023-10-01,50,2356.2865181745083,Cardiology
combination,2023-11-01,50,2439.5539244744787,Cardiology
combination,2023-12-01,50,2474.218883639003,Cardiology
combination,2024-01-01,50,2510.7036500492445,Cardiology
combination,2024-02-01,50,2572.7315826909266,Cardiology
combination,2024-03-01,50,2568.571388781759,Cardiology
combination,2024-04-01,50,2605.101430006229,Cardiology
combination,2024-05-01,50,2598.897076651598,Cardiology
combination,2024-06-01,50,2660.168358798895,Cardiology
combination,2024-07-01,50,2711.3012552656846,Cardiology
combination,2024-08-01,50,2766.6703191454017,Cardiology
combination,2023-09-01,6,2246.9798664461277,Cardiology
combination,2023-10-01,6,2358.105081533866,Cardiology
combination,2023-11-01,6,2404.0446645645816,Cardiology
combination,2023-12-01,6,2429.59149318698,Cardiology
combination,2024-01-01,6,2458.981154164574,Cardiology
combination,2024-02-01,6,2454.9602547998975,Cardiology
combination,2024-03-01,6,2529.4892763428643,Cardiology
combination,2024-04-01,6,2587.3032519150747,Cardiology
combination,2024-05-01,6,2579.958837584275,Cardiology
combination,2024-06-01,6,2660.2804345038408,Cardiology
combination,2024-07-01,6,2689.0271601000204,Cardiology
combination,2024-08-01,6,2743.5799835210996,Cardiology
combination,2023-09-01,7,2262.9988418916846,Cardiology
combination,2023-10-01,7,2370.5018593714763,Cardiology
combination,2023-11-01,7,2424.9181803331617,Cardiology
combination,2023-12-01,7,2419.1361153313196,Cardiology
combination,2024-01-01,7,2525.492254906324,Cardiology
combination,2024-02-01,7,2568.0460993326824,Cardiology
combination,2024-03-01,7,2533.582526333171,Cardiology
combination,2024-04-01,7,2585.5543079396502,Cardiology
combination,2024-05-01,7,2674.8664769983616,Cardiology
combination,2024-06-01,7,2712.479201373391,Cardiology
combination,2024-07-01,7,2784.5970223652007,Cardiology
combination,2024-08-01,7,2754.128212874935,Cardiology
combination,2023-09-01,8,2256.3708958263283,Cardiology
combination,2023-10-01,8,2318.3482536879656,Cardiology
combination,2023-11-01,8,2413.950408439901,Cardiology
combination,2023-12-01,8,2394.3410988127757,Cardiology
combination,2024-01-01,8,2414.891975547869,Cardiology
combination,2024-02-01,8,2413.1258647247514,Cardiology
combination,2024-03-01,8,2478.436768528455,Cardiology
combination,2024-04-01,8,2541.905396961841,Cardiology
combination,2024-05-01,8,2584.3120752812356,Cardiology
combination,2024-06-01,8,2647.215661784918,Cardiology
combination,2024-07-01,8,2686.1132045012055,Cardiology
combination,2024-08-01,8,2733.622619081174,Cardiology
combination,2023-09-01,9,2262.2543714259054,Cardiology
combination,2023-10-01,9,2353.1927484982916,Cardiology
combination,2023-11-01,9,2436.302867216052,Cardiology
combination,2023-12-01,9,2414.733641356937,Cardiology
combination,2024-01-01,9,2422.625507777889,Cardiology
combination,2024-02-01,9,2466.191241807819,Cardiology
combination,2024-03-01,9,2457.4098827041817,Cardiology
combination,2024-04-01,9,2482.735365719873,Cardiology
combination,2024-05-01,9,2561.652668870749,Cardiology
combination,2024-06-01,9,2633.8212759027165,Cardiology
combination,2024-07-01,9,2629.719518224175,Cardiology
combination,2024-08-01,9,2643.0889685016814,Cardiology
NA,2021-08-01,NA,1025,Cardiology
NA,2021-09-01,NA,1041,Cardiology
NA,2021-10-01,NA,1122,Cardiology
NA,2021-11-01,NA,1151,Cardiology
NA,2021-12-01,NA,1197,Cardiology
NA,2022-02-01,NA,1237,Cardiology
NA,2022-01-01,NA,1219,Cardiology
NA,2022-03-01,NA,1309,Cardiology
NA,2022-04-01,NA,1334,Cardiology
NA,2022-05-01,NA,1359,Cardiology
NA,2022-06-01,NA,1402,Cardiology
NA,2022-07-01,NA,1510,Cardiology
NA,2022-08-01,NA,1422,Cardiology
NA,2022-09-01,NA,1592,Cardiology
NA,2022-10-01,NA,1708,Cardiology
NA,2022-11-01,NA,1830,Cardiology
NA,2022-12-01,NA,1773,Cardiology
NA,2023-01-01,NA,1883,Cardiology
NA,2023-02-01,NA,1873,Cardiology
NA,2023-03-01,NA,1845,Cardiology
NA,2023-04-01,NA,1964,Cardiology
NA,2023-05-01,NA,1972,Cardiology
NA,2023-06-01,NA,2037,Cardiology
NA,2023-08-01,NA,2161,Cardiology
NA,2023-07-01,NA,2213,Cardiology
